,end_score,homotm,id,length,primer,tm
191T,2,3.7855968307355283,191T,46,TCCATTTATTACAAGTATGGTCACCAGCTTTTACCGAGATCAGCCT,78.08312511363727
225V,3,9.70750668721547,225V,47,TCAAGAAGATATCAAGGTGTCCAGCTTATGATGAAAACAAGCGCCAG,78.01351719973735
276T,4,-0.5048499326145475,276T,50,TCAAATTATTACATTCTTAACGTGAGCCGCTTGATGACGAGAACATTCGC,77.96573423001496
74G,2,24.587083786270057,74G,46,TCAGCGTCTAATTGGGGCGCCTGGCCGTGTAACGCGCTACTTATCA,78.01094218171136
168N,1,5.677200698169827,168N,50,AACGCTTGATACAATAAGAGCATATTGAGGTACCGGAAGACATGACACGT,78.01970179196178
143G,6,13.095641382989413,143G,50,CCGTGCAGCTTAGGCAATGAAAGGCTATCATGCGATGATGGTCGATATCG,78.01713342664351
267V,3,10.081513202771362,267V,39,AGCCGCTTGATGACGAGAACATTCGCCCAGAAACGGGTG,78.02458287712744
64G,6,12.792093493446089,64G,45,GCCTGGCCGTGTAACGCGCTACTTATCAGATCTTTAAATTCGAGG,77.99535176233059
162I,3,-7.7576827599830835,162I,46,GGAAGACATGACACGTTTAAATAATGCAGATGAGCATATTGAGGTA,78.03322007837306
81I,0,16.778794762948962,81I,47,ATGCGATGAATCACGCTTTGATAAAATGTCAGCGTCTAATTAAAGAA,78.02185798873137
87A,4,6.570817041465375,87A,43,TGATAAAAACTTAAGTCAAGCGCTGCCATGCGATGAATCACGC,78.05663329498509
87V,4,6.570817041465375,87V,43,TGATAAAAACTTAAGTCAAGCGCTGTCATGCGATGAATCACGC,78.05663329498509
259V,3,17.80312653787564,259V,44,CGGAAAAGATCCAGAAACGGGTGAGTTTATTAACGCACATGCTA,78.02112757748733
440N,2,6.982140350613292,440N,47,CACTTTGACTTTGAAGAGCAACGCTGGTCCTAGGTATGATGCTAAAA,77.90886935671853
188K,2,1.9434923388889729,188K,45,TCAGCCTCATCCATTTATTACAATCGCTTTAACAGCTTTTACCGA,77.93223072351321
188Q,2,1.9434923388889729,188Q,50,TCAGCCTCATCCATTTATCATTTAACTATCGCTTTAACAGCTTTTACCGA,78.15010218778895
353I,3,4.885760458249422,353I,46,ATATGCAAAAGAAGATACATTATGGCCAACTGCTCCTGCGTTTTCC,78.00324913775626
237I,0,15.824716303995501,237I,46,ATAAAATTATTGCAGATCGCAAATCAAGGTGATGAACGACCTAGTA,77.97460657857613
239H,0,15.824716303995501,239H,51,TTATTGCAGATCGCAAACGATATCAAGGTGATGAACGACCTAGTAGATAAA,77.97803787785801
47F,1,8.635073204041475,47F,57,AGCTTTGATGAAAATTGCGGATGAATTAGGAGAAATCTTTTTACAGATAAACCGGTT,77.977766672543
47L,3,15.638231004497072,47L,55,AGCTTTGATGAAAATTGCGGATGAATTAGGAGAAATCTTTCAGATAAACCGGTTC,78.0208410422685
26T,3,12.870004706432212,26T,51,TCAGCCAAAAACGTTTGGAGAGCTTAAAACCATATGACAATTAAAGAAATG,77.95934064221024
51F,2,-16.479408436251674,51F,54,AATTGCGGATGAATTAGGAGAAATCTTTAAATTCGATTGGTTCAAGCTTTGATG,77.99762615305525
